"Country","Rep_date","Count","yrqtr","yrmon"
"Afghanistan",2022-04-30,72,2022 Q2,Apr 2022
"Afghanistan",2022-05-31,73,2022 Q2,May 2022
"Afghanistan",2022-06-30,73,2022 Q2,Jun 2022
"Afghanistan",2022-07-31,73,2022 Q3,Jul 2022
"Afghanistan",2022-08-31,73,2022 Q3,Aug 2022
"Afghanistan",2022-09-30,73,2022 Q3,Sep 2022
"Afghanistan",2022-10-31,73,2022 Q4,Oct 2022
"Albania",2022-04-30,5,2022 Q2,Apr 2022
"Albania",2022-05-31,5,2022 Q2,May 2022
"Albania",2022-06-30,5,2022 Q2,Jun 2022
"Albania",2022-07-31,5,2022 Q3,Jul 2022
"Albania",2022-08-31,5,2022 Q3,Aug 2022
"Albania",2022-09-30,5,2022 Q3,Sep 2022
"Albania",2022-10-31,5,2022 Q4,Oct 2022
"Algeria",2022-04-30,10,2022 Q2,Apr 2022
"Algeria",2022-05-31,11,2022 Q2,May 2022
"Algeria",2022-06-30,11,2022 Q2,Jun 2022
"Algeria",2022-07-31,11,2022 Q3,Jul 2022
"Algeria",2022-08-31,11,2022 Q3,Aug 2022
"Algeria",2022-09-30,11,2022 Q3,Sep 2022
"Algeria",2022-10-31,11,2022 Q4,Oct 2022
"Angola",2022-04-30,11,2022 Q2,Apr 2022
"Angola",2022-05-31,11,2022 Q2,May 2022
"Angola",2022-06-30,11,2022 Q2,Jun 2022
"Angola",2022-07-31,11,2022 Q3,Jul 2022
"Angola",2022-08-31,11,2022 Q3,Aug 2022
"Angola",2022-09-30,11,2022 Q3,Sep 2022
"Angola",2022-10-31,11,2022 Q4,Oct 2022
"Argentina",2022-04-30,22,2022 Q2,Apr 2022
"Argentina",2022-05-31,22,2022 Q2,May 2022
"Argentina",2022-06-30,22,2022 Q2,Jun 2022
"Argentina",2022-07-31,22,2022 Q3,Jul 2022
"Argentina",2022-08-31,22,2022 Q3,Aug 2022
"Argentina",2022-09-30,22,2022 Q3,Sep 2022
"Argentina",2022-10-31,22,2022 Q4,Oct 2022
"Armenia",2022-04-30,4,2022 Q2,Apr 2022
"Armenia",2022-05-31,4,2022 Q2,May 2022
"Armenia",2022-06-30,4,2022 Q2,Jun 2022
"Armenia",2022-07-31,4,2022 Q3,Jul 2022
"Armenia",2022-08-31,4,2022 Q3,Aug 2022
"Armenia",2022-09-30,5,2022 Q3,Sep 2022
"Armenia",2022-10-31,5,2022 Q4,Oct 2022
"Aruba",2022-04-30,1,2022 Q2,Apr 2022
"Aruba",2022-05-31,1,2022 Q2,May 2022
"Aruba",2022-06-30,1,2022 Q2,Jun 2022
"Aruba",2022-07-31,1,2022 Q3,Jul 2022
"Aruba",2022-08-31,1,2022 Q3,Aug 2022
"Aruba",2022-09-30,1,2022 Q3,Sep 2022
"Aruba",2022-10-31,1,2022 Q4,Oct 2022
"Australia",2022-04-30,5,2022 Q2,Apr 2022
"Australia",2022-05-31,5,2022 Q2,May 2022
"Australia",2022-06-30,5,2022 Q2,Jun 2022
"Australia",2022-07-31,5,2022 Q3,Jul 2022
"Australia",2022-08-31,5,2022 Q3,Aug 2022
"Australia",2022-09-30,5,2022 Q3,Sep 2022
"Australia",2022-10-31,5,2022 Q4,Oct 2022
"Austria",2022-04-30,9,2022 Q2,Apr 2022
"Austria",2022-05-31,9,2022 Q2,May 2022
"Austria",2022-06-30,9,2022 Q2,Jun 2022
"Austria",2022-07-31,9,2022 Q3,Jul 2022
"Austria",2022-08-31,9,2022 Q3,Aug 2022
"Austria",2022-09-30,9,2022 Q3,Sep 2022
"Austria",2022-10-31,9,2022 Q4,Oct 2022
"Azerbaijan",2022-04-30,4,2022 Q2,Apr 2022
"Azerbaijan",2022-05-31,4,2022 Q2,May 2022
"Azerbaijan",2022-06-30,4,2022 Q2,Jun 2022
"Azerbaijan",2022-07-31,4,2022 Q3,Jul 2022
"Azerbaijan",2022-08-31,4,2022 Q3,Aug 2022
"Azerbaijan",2022-09-30,4,2022 Q3,Sep 2022
"Azerbaijan",2022-10-31,4,2022 Q4,Oct 2022
"Bahamas, The",2022-04-30,1,2022 Q2,Apr 2022
"Bahamas, The",2022-05-31,1,2022 Q2,May 2022
"Bahamas, The",2022-06-30,1,2022 Q2,Jun 2022
"Bahamas, The",2022-07-31,1,2022 Q3,Jul 2022
"Bahamas, The",2022-08-31,1,2022 Q3,Aug 2022
"Bahamas, The",2022-09-30,1,2022 Q3,Sep 2022
"Bahamas, The",2022-10-31,1,2022 Q4,Oct 2022
"Bahrain",2022-04-30,5,2022 Q2,Apr 2022
"Bahrain",2022-05-31,5,2022 Q2,May 2022
"Bahrain",2022-06-30,5,2022 Q2,Jun 2022
"Bahrain",2022-07-31,5,2022 Q3,Jul 2022
"Bahrain",2022-08-31,5,2022 Q3,Aug 2022
"Bahrain",2022-09-30,5,2022 Q3,Sep 2022
"Bahrain",2022-10-31,5,2022 Q4,Oct 2022
"Bangladesh",2022-04-30,14,2022 Q2,Apr 2022
"Bangladesh",2022-05-31,14,2022 Q2,May 2022
"Bangladesh",2022-06-30,14,2022 Q2,Jun 2022
"Bangladesh",2022-07-31,14,2022 Q3,Jul 2022
"Bangladesh",2022-08-31,14,2022 Q3,Aug 2022
"Bangladesh",2022-09-30,14,2022 Q3,Sep 2022
"Bangladesh",2022-10-31,14,2022 Q4,Oct 2022
"Barbados",2022-04-30,3,2022 Q2,Apr 2022
"Barbados",2022-05-31,3,2022 Q2,May 2022
"Barbados",2022-06-30,3,2022 Q2,Jun 2022
"Barbados",2022-07-31,3,2022 Q3,Jul 2022
"Barbados",2022-08-31,3,2022 Q3,Aug 2022
"Barbados",2022-09-30,3,2022 Q3,Sep 2022
"Barbados",2022-10-31,3,2022 Q4,Oct 2022
"Belarus",2022-04-30,147,2022 Q2,Apr 2022
"Belarus",2022-05-31,147,2022 Q2,May 2022
"Belarus",2022-06-30,148,2022 Q2,Jun 2022
"Belarus",2022-07-31,148,2022 Q3,Jul 2022
"Belarus",2022-08-31,148,2022 Q3,Aug 2022
"Belarus",2022-09-30,149,2022 Q3,Sep 2022
"Belarus",2022-10-31,149,2022 Q4,Oct 2022
"Belgium",2022-04-30,23,2022 Q2,Apr 2022
"Belgium",2022-05-31,23,2022 Q2,May 2022
"Belgium",2022-06-30,23,2022 Q2,Jun 2022
"Belgium",2022-07-31,23,2022 Q3,Jul 2022
"Belgium",2022-08-31,23,2022 Q3,Aug 2022
"Belgium",2022-09-30,23,2022 Q3,Sep 2022
"Belgium",2022-10-31,23,2022 Q4,Oct 2022
"Belize",2022-04-30,5,2022 Q2,Apr 2022
"Belize",2022-05-31,5,2022 Q2,May 2022
"Belize",2022-06-30,5,2022 Q2,Jun 2022
"Belize",2022-07-31,5,2022 Q3,Jul 2022
"Belize",2022-08-31,5,2022 Q3,Aug 2022
"Belize",2022-09-30,5,2022 Q3,Sep 2022
"Belize",2022-10-31,5,2022 Q4,Oct 2022
"Benin",2022-04-30,9,2022 Q2,Apr 2022
"Benin",2022-05-31,9,2022 Q2,May 2022
"Benin",2022-06-30,9,2022 Q2,Jun 2022
"Benin",2022-07-31,9,2022 Q3,Jul 2022
"Benin",2022-08-31,9,2022 Q3,Aug 2022
"Benin",2022-09-30,9,2022 Q3,Sep 2022
"Benin",2022-10-31,9,2022 Q4,Oct 2022
"Bermuda",2022-04-30,1,2022 Q2,Apr 2022
"Bermuda",2022-05-31,1,2022 Q2,May 2022
"Bermuda",2022-06-30,1,2022 Q2,Jun 2022
"Bermuda",2022-07-31,1,2022 Q3,Jul 2022
"Bermuda",2022-08-31,1,2022 Q3,Aug 2022
"Bermuda",2022-09-30,1,2022 Q3,Sep 2022
"Bermuda",2022-10-31,1,2022 Q4,Oct 2022
"Bolivia",2022-04-30,3,2022 Q2,Apr 2022
"Bolivia",2022-05-31,3,2022 Q2,May 2022
"Bolivia",2022-06-30,3,2022 Q2,Jun 2022
"Bolivia",2022-07-31,3,2022 Q3,Jul 2022
"Bolivia",2022-08-31,3,2022 Q3,Aug 2022
"Bolivia",2022-09-30,3,2022 Q3,Sep 2022
"Bolivia",2022-10-31,3,2022 Q4,Oct 2022
"Bosnia and Herzegovina",2022-04-30,21,2022 Q2,Apr 2022
"Bosnia and Herzegovina",2022-05-31,21,2022 Q2,May 2022
"Bosnia and Herzegovina",2022-06-30,23,2022 Q2,Jun 2022
"Bosnia and Herzegovina",2022-07-31,23,2022 Q3,Jul 2022
"Bosnia and Herzegovina",2022-08-31,23,2022 Q3,Aug 2022
"Bosnia and Herzegovina",2022-09-30,24,2022 Q3,Sep 2022
"Bosnia and Herzegovina",2022-10-31,27,2022 Q4,Oct 2022
"Brazil",2022-04-30,17,2022 Q2,Apr 2022
"Brazil",2022-05-31,17,2022 Q2,May 2022
"Brazil",2022-06-30,17,2022 Q2,Jun 2022
"Brazil",2022-07-31,17,2022 Q3,Jul 2022
"Brazil",2022-08-31,17,2022 Q3,Aug 2022
"Brazil",2022-09-30,17,2022 Q3,Sep 2022
"Brazil",2022-10-31,17,2022 Q4,Oct 2022
"Brunei",2022-04-30,1,2022 Q2,Apr 2022
"Brunei",2022-05-31,1,2022 Q2,May 2022
"Brunei",2022-06-30,1,2022 Q2,Jun 2022
"Brunei",2022-07-31,1,2022 Q3,Jul 2022
"Brunei",2022-08-31,1,2022 Q3,Aug 2022
"Brunei",2022-09-30,1,2022 Q3,Sep 2022
"Brunei",2022-10-31,1,2022 Q4,Oct 2022
"Bulgaria",2022-04-30,69,2022 Q2,Apr 2022
"Bulgaria",2022-05-31,70,2022 Q2,May 2022
"Bulgaria",2022-06-30,70,2022 Q2,Jun 2022
"Bulgaria",2022-07-31,70,2022 Q3,Jul 2022
"Bulgaria",2022-08-31,70,2022 Q3,Aug 2022
"Bulgaria",2022-09-30,70,2022 Q3,Sep 2022
"Bulgaria",2022-10-31,70,2022 Q4,Oct 2022
"Burkina Faso",2022-04-30,2,2022 Q2,Apr 2022
"Burkina Faso",2022-05-31,2,2022 Q2,May 2022
"Burkina Faso",2022-06-30,3,2022 Q2,Jun 2022
"Burkina Faso",2022-07-31,3,2022 Q3,Jul 2022
"Burkina Faso",2022-08-31,3,2022 Q3,Aug 2022
"Burkina Faso",2022-09-30,3,2022 Q3,Sep 2022
"Burkina Faso",2022-10-31,3,2022 Q4,Oct 2022
"Burma",2022-04-30,139,2022 Q2,Apr 2022
"Burma",2022-05-31,139,2022 Q2,May 2022
"Burma",2022-06-30,139,2022 Q2,Jun 2022
"Burma",2022-07-31,139,2022 Q3,Jul 2022
"Burma",2022-08-31,139,2022 Q3,Aug 2022
"Burma",2022-09-30,139,2022 Q3,Sep 2022
"Burma",2022-10-31,143,2022 Q4,Oct 2022
"Cambodia",2022-04-30,28,2022 Q2,Apr 2022
"Cambodia",2022-05-31,28,2022 Q2,May 2022
"Cambodia",2022-06-30,28,2022 Q2,Jun 2022
"Cambodia",2022-07-31,28,2022 Q3,Jul 2022
"Cambodia",2022-08-31,28,2022 Q3,Aug 2022
"Cambodia",2022-09-30,28,2022 Q3,Sep 2022
"Cambodia",2022-10-31,28,2022 Q4,Oct 2022
"Canada",2022-04-30,23,2022 Q2,Apr 2022
"Canada",2022-05-31,23,2022 Q2,May 2022
"Canada",2022-06-30,23,2022 Q2,Jun 2022
"Canada",2022-07-31,23,2022 Q3,Jul 2022
"Canada",2022-08-31,23,2022 Q3,Aug 2022
"Canada",2022-09-30,23,2022 Q3,Sep 2022
"Canada",2022-10-31,23,2022 Q4,Oct 2022
"Cayman Islands",2022-04-30,6,2022 Q2,Apr 2022
"Cayman Islands",2022-05-31,6,2022 Q2,May 2022
"Cayman Islands",2022-06-30,7,2022 Q2,Jun 2022
"Cayman Islands",2022-07-31,7,2022 Q3,Jul 2022
"Cayman Islands",2022-08-31,7,2022 Q3,Aug 2022
"Cayman Islands",2022-09-30,7,2022 Q3,Sep 2022
"Cayman Islands",2022-10-31,7,2022 Q4,Oct 2022
"Central African Republic",2022-04-30,18,2022 Q2,Apr 2022
"Central African Republic",2022-05-31,18,2022 Q2,May 2022
"Central African Republic",2022-06-30,18,2022 Q2,Jun 2022
"Central African Republic",2022-07-31,18,2022 Q3,Jul 2022
"Central African Republic",2022-08-31,18,2022 Q3,Aug 2022
"Central African Republic",2022-09-30,18,2022 Q3,Sep 2022
"Central African Republic",2022-10-31,18,2022 Q4,Oct 2022
"Chile",2022-04-30,5,2022 Q2,Apr 2022
"Chile",2022-05-31,5,2022 Q2,May 2022
"Chile",2022-06-30,5,2022 Q2,Jun 2022
"Chile",2022-07-31,5,2022 Q3,Jul 2022
"Chile",2022-08-31,5,2022 Q3,Aug 2022
"Chile",2022-09-30,5,2022 Q3,Sep 2022
"Chile",2022-10-31,5,2022 Q4,Oct 2022
"China",2022-04-30,345,2022 Q2,Apr 2022
"China",2022-05-31,350,2022 Q2,May 2022
"China",2022-06-30,354,2022 Q2,Jun 2022
"China",2022-07-31,356,2022 Q3,Jul 2022
"China",2022-08-31,361,2022 Q3,Aug 2022
"China",2022-09-30,367,2022 Q3,Sep 2022
"China",2022-10-31,369,2022 Q4,Oct 2022
"Colombia",2022-04-30,600,2022 Q2,Apr 2022
"Colombia",2022-05-31,592,2022 Q2,May 2022
"Colombia",2022-06-30,592,2022 Q2,Jun 2022
"Colombia",2022-07-31,592,2022 Q3,Jul 2022
"Colombia",2022-08-31,589,2022 Q3,Aug 2022
"Colombia",2022-09-30,589,2022 Q3,Sep 2022
"Colombia",2022-10-31,589,2022 Q4,Oct 2022
"Comoros",2022-04-30,1,2022 Q2,Apr 2022
"Comoros",2022-05-31,1,2022 Q2,May 2022
"Comoros",2022-06-30,1,2022 Q2,Jun 2022
"Comoros",2022-07-31,1,2022 Q3,Jul 2022
"Comoros",2022-08-31,1,2022 Q3,Aug 2022
"Comoros",2022-09-30,1,2022 Q3,Sep 2022
"Comoros",2022-10-31,1,2022 Q4,Oct 2022
"Congo, Democratic Republic of the",2022-04-30,61,2022 Q2,Apr 2022
"Congo, Democratic Republic of the",2022-05-31,61,2022 Q2,May 2022
"Congo, Democratic Republic of the",2022-06-30,61,2022 Q2,Jun 2022
"Congo, Democratic Republic of the",2022-07-31,61,2022 Q3,Jul 2022
"Congo, Democratic Republic of the",2022-08-31,61,2022 Q3,Aug 2022
"Congo, Democratic Republic of the",2022-09-30,61,2022 Q3,Sep 2022
"Congo, Democratic Republic of the",2022-10-31,61,2022 Q4,Oct 2022
"Congo, Republic of the",2022-04-30,3,2022 Q2,Apr 2022
"Congo, Republic of the",2022-05-31,3,2022 Q2,May 2022
"Congo, Republic of the",2022-06-30,3,2022 Q2,Jun 2022
"Congo, Republic of the",2022-07-31,3,2022 Q3,Jul 2022
"Congo, Republic of the",2022-08-31,3,2022 Q3,Aug 2022
"Congo, Republic of the",2022-09-30,3,2022 Q3,Sep 2022
"Congo, Republic of the",2022-10-31,3,2022 Q4,Oct 2022
"Costa Rica",2022-04-30,2,2022 Q2,Apr 2022
"Costa Rica",2022-05-31,2,2022 Q2,May 2022
"Costa Rica",2022-06-30,2,2022 Q2,Jun 2022
"Costa Rica",2022-07-31,2,2022 Q3,Jul 2022
"Costa Rica",2022-08-31,2,2022 Q3,Aug 2022
"Costa Rica",2022-09-30,2,2022 Q3,Sep 2022
"Costa Rica",2022-10-31,2,2022 Q4,Oct 2022
"Cote d Ivoire",2022-04-30,3,2022 Q2,Apr 2022
"Cote d Ivoire",2022-05-31,3,2022 Q2,May 2022
"Cote d Ivoire",2022-06-30,3,2022 Q2,Jun 2022
"Cote d Ivoire",2022-07-31,3,2022 Q3,Jul 2022
"Cote d Ivoire",2022-08-31,3,2022 Q3,Aug 2022
"Cote d Ivoire",2022-09-30,3,2022 Q3,Sep 2022
"Cote d Ivoire",2022-10-31,3,2022 Q4,Oct 2022
"Croatia",2022-04-30,4,2022 Q2,Apr 2022
"Croatia",2022-05-31,4,2022 Q2,May 2022
"Croatia",2022-06-30,4,2022 Q2,Jun 2022
"Croatia",2022-07-31,4,2022 Q3,Jul 2022
"Croatia",2022-08-31,4,2022 Q3,Aug 2022
"Croatia",2022-09-30,4,2022 Q3,Sep 2022
"Croatia",2022-10-31,4,2022 Q4,Oct 2022
"Cuba",2022-04-30,35,2022 Q2,Apr 2022
"Cuba",2022-05-31,35,2022 Q2,May 2022
"Cuba",2022-06-30,35,2022 Q2,Jun 2022
"Cuba",2022-07-31,35,2022 Q3,Jul 2022
"Cuba",2022-08-31,35,2022 Q3,Aug 2022
"Cuba",2022-09-30,35,2022 Q3,Sep 2022
"Cuba",2022-10-31,35,2022 Q4,Oct 2022
"Cyprus",2022-04-30,52,2022 Q2,Apr 2022
"Cyprus",2022-05-31,52,2022 Q2,May 2022
"Cyprus",2022-06-30,56,2022 Q2,Jun 2022
"Cyprus",2022-07-31,56,2022 Q3,Jul 2022
"Cyprus",2022-08-31,56,2022 Q3,Aug 2022
"Cyprus",2022-09-30,56,2022 Q3,Sep 2022
"Cyprus",2022-10-31,57,2022 Q4,Oct 2022
"Czech Republic",2022-04-30,6,2022 Q2,Apr 2022
"Czech Republic",2022-05-31,6,2022 Q2,May 2022
"Czech Republic",2022-06-30,6,2022 Q2,Jun 2022
"Czech Republic",2022-07-31,6,2022 Q3,Jul 2022
"Czech Republic",2022-08-31,5,2022 Q3,Aug 2022
"Czech Republic",2022-09-30,5,2022 Q3,Sep 2022
"Czech Republic",2022-10-31,5,2022 Q4,Oct 2022
"Denmark",2022-04-30,2,2022 Q2,Apr 2022
"Denmark",2022-05-31,2,2022 Q2,May 2022
"Denmark",2022-06-30,2,2022 Q2,Jun 2022
"Denmark",2022-07-31,2,2022 Q3,Jul 2022
"Denmark",2022-08-31,2,2022 Q3,Aug 2022
"Denmark",2022-09-30,2,2022 Q3,Sep 2022
"Denmark",2022-10-31,2,2022 Q4,Oct 2022
"Dominica",2022-04-30,1,2022 Q2,Apr 2022
"Dominica",2022-05-31,1,2022 Q2,May 2022
"Dominica",2022-06-30,1,2022 Q2,Jun 2022
"Dominica",2022-07-31,1,2022 Q3,Jul 2022
"Dominica",2022-08-31,1,2022 Q3,Aug 2022
"Dominica",2022-09-30,1,2022 Q3,Sep 2022
"Dominica",2022-10-31,1,2022 Q4,Oct 2022
"Dominican Republic",2022-04-30,25,2022 Q2,Apr 2022
"Dominican Republic",2022-05-31,25,2022 Q2,May 2022
"Dominican Republic",2022-06-30,25,2022 Q2,Jun 2022
"Dominican Republic",2022-07-31,25,2022 Q3,Jul 2022
"Dominican Republic",2022-08-31,25,2022 Q3,Aug 2022
"Dominican Republic",2022-09-30,25,2022 Q3,Sep 2022
"Dominican Republic",2022-10-31,25,2022 Q4,Oct 2022
"Ecuador",2022-04-30,12,2022 Q2,Apr 2022
"Ecuador",2022-05-31,12,2022 Q2,May 2022
"Ecuador",2022-06-30,12,2022 Q2,Jun 2022
"Ecuador",2022-07-31,12,2022 Q3,Jul 2022
"Ecuador",2022-08-31,12,2022 Q3,Aug 2022
"Ecuador",2022-09-30,12,2022 Q3,Sep 2022
"Ecuador",2022-10-31,12,2022 Q4,Oct 2022
"Egypt",2022-04-30,23,2022 Q2,Apr 2022
"Egypt",2022-05-31,23,2022 Q2,May 2022
"Egypt",2022-06-30,23,2022 Q2,Jun 2022
"Egypt",2022-07-31,23,2022 Q3,Jul 2022
"Egypt",2022-08-31,23,2022 Q3,Aug 2022
"Egypt",2022-09-30,23,2022 Q3,Sep 2022
"Egypt",2022-10-31,23,2022 Q4,Oct 2022
"El Salvador",2022-04-30,8,2022 Q2,Apr 2022
"El Salvador",2022-05-31,8,2022 Q2,May 2022
"El Salvador",2022-06-30,8,2022 Q2,Jun 2022
"El Salvador",2022-07-31,8,2022 Q3,Jul 2022
"El Salvador",2022-08-31,8,2022 Q3,Aug 2022
"El Salvador",2022-09-30,8,2022 Q3,Sep 2022
"El Salvador",2022-10-31,8,2022 Q4,Oct 2022
"Equatorial Guinea",2022-04-30,2,2022 Q2,Apr 2022
"Equatorial Guinea",2022-05-31,2,2022 Q2,May 2022
"Equatorial Guinea",2022-06-30,2,2022 Q2,Jun 2022
"Equatorial Guinea",2022-07-31,2,2022 Q3,Jul 2022
"Equatorial Guinea",2022-08-31,2,2022 Q3,Aug 2022
"Equatorial Guinea",2022-09-30,2,2022 Q3,Sep 2022
"Equatorial Guinea",2022-10-31,2,2022 Q4,Oct 2022
"Eritrea",2022-04-30,10,2022 Q2,Apr 2022
"Eritrea",2022-05-31,10,2022 Q2,May 2022
"Eritrea",2022-06-30,10,2022 Q2,Jun 2022
"Eritrea",2022-07-31,10,2022 Q3,Jul 2022
"Eritrea",2022-08-31,10,2022 Q3,Aug 2022
"Eritrea",2022-09-30,10,2022 Q3,Sep 2022
"Eritrea",2022-10-31,10,2022 Q4,Oct 2022
"Estonia",2022-04-30,3,2022 Q2,Apr 2022
"Estonia",2022-05-31,3,2022 Q2,May 2022
"Estonia",2022-06-30,3,2022 Q2,Jun 2022
"Estonia",2022-07-31,3,2022 Q3,Jul 2022
"Estonia",2022-08-31,3,2022 Q3,Aug 2022
"Estonia",2022-09-30,3,2022 Q3,Sep 2022
"Estonia",2022-10-31,3,2022 Q4,Oct 2022
"Ethiopia",2022-04-30,5,2022 Q2,Apr 2022
"Ethiopia",2022-05-31,5,2022 Q2,May 2022
"Ethiopia",2022-06-30,5,2022 Q2,Jun 2022
"Ethiopia",2022-07-31,5,2022 Q3,Jul 2022
"Ethiopia",2022-08-31,5,2022 Q3,Aug 2022
"Ethiopia",2022-09-30,5,2022 Q3,Sep 2022
"Ethiopia",2022-10-31,5,2022 Q4,Oct 2022
"Finland",2022-04-30,11,2022 Q2,Apr 2022
"Finland",2022-05-31,11,2022 Q2,May 2022
"Finland",2022-06-30,11,2022 Q2,Jun 2022
"Finland",2022-07-31,11,2022 Q3,Jul 2022
"Finland",2022-08-31,11,2022 Q3,Aug 2022
"Finland",2022-09-30,11,2022 Q3,Sep 2022
"Finland",2022-10-31,11,2022 Q4,Oct 2022
"France",2022-04-30,20,2022 Q2,Apr 2022
"France",2022-05-31,20,2022 Q2,May 2022
"France",2022-06-30,21,2022 Q2,Jun 2022
"France",2022-07-31,21,2022 Q3,Jul 2022
"France",2022-08-31,21,2022 Q3,Aug 2022
"France",2022-09-30,21,2022 Q3,Sep 2022
"France",2022-10-31,21,2022 Q4,Oct 2022
"Georgia",2022-04-30,5,2022 Q2,Apr 2022
"Georgia",2022-05-31,5,2022 Q2,May 2022
"Georgia",2022-06-30,5,2022 Q2,Jun 2022
"Georgia",2022-07-31,5,2022 Q3,Jul 2022
"Georgia",2022-08-31,5,2022 Q3,Aug 2022
"Georgia",2022-09-30,5,2022 Q3,Sep 2022
"Georgia",2022-10-31,5,2022 Q4,Oct 2022
"Germany",2022-04-30,84,2022 Q2,Apr 2022
"Germany",2022-05-31,84,2022 Q2,May 2022
"Germany",2022-06-30,84,2022 Q2,Jun 2022
"Germany",2022-07-31,84,2022 Q3,Jul 2022
"Germany",2022-08-31,84,2022 Q3,Aug 2022
"Germany",2022-09-30,84,2022 Q3,Sep 2022
"Germany",2022-10-31,85,2022 Q4,Oct 2022
"Ghana",2022-04-30,3,2022 Q2,Apr 2022
"Ghana",2022-05-31,3,2022 Q2,May 2022
"Ghana",2022-06-30,3,2022 Q2,Jun 2022
"Ghana",2022-07-31,3,2022 Q3,Jul 2022
"Ghana",2022-08-31,3,2022 Q3,Aug 2022
"Ghana",2022-09-30,3,2022 Q3,Sep 2022
"Ghana",2022-10-31,3,2022 Q4,Oct 2022
"Gibraltar",2022-04-30,5,2022 Q2,Apr 2022
"Gibraltar",2022-05-31,5,2022 Q2,May 2022
"Gibraltar",2022-06-30,5,2022 Q2,Jun 2022
"Gibraltar",2022-07-31,5,2022 Q3,Jul 2022
"Gibraltar",2022-08-31,5,2022 Q3,Aug 2022
"Gibraltar",2022-09-30,5,2022 Q3,Sep 2022
"Gibraltar",2022-10-31,5,2022 Q4,Oct 2022
"Greece",2022-04-30,10,2022 Q2,Apr 2022
"Greece",2022-05-31,10,2022 Q2,May 2022
"Greece",2022-06-30,10,2022 Q2,Jun 2022
"Greece",2022-07-31,10,2022 Q3,Jul 2022
"Greece",2022-08-31,10,2022 Q3,Aug 2022
"Greece",2022-09-30,10,2022 Q3,Sep 2022
"Greece",2022-10-31,10,2022 Q4,Oct 2022
"Guatemala",2022-04-30,51,2022 Q2,Apr 2022
"Guatemala",2022-05-31,51,2022 Q2,May 2022
"Guatemala",2022-06-30,51,2022 Q2,Jun 2022
"Guatemala",2022-07-31,51,2022 Q3,Jul 2022
"Guatemala",2022-08-31,51,2022 Q3,Aug 2022
"Guatemala",2022-09-30,51,2022 Q3,Sep 2022
"Guatemala",2022-10-31,51,2022 Q4,Oct 2022
"Guernsey",2022-04-30,1,2022 Q2,Apr 2022
"Guernsey",2022-05-31,1,2022 Q2,May 2022
"Guernsey",2022-06-30,1,2022 Q2,Jun 2022
"Guernsey",2022-07-31,1,2022 Q3,Jul 2022
"Guernsey",2022-08-31,1,2022 Q3,Aug 2022
"Guernsey",2022-09-30,1,2022 Q3,Sep 2022
"Guernsey",2022-10-31,1,2022 Q4,Oct 2022
"Guinea",2022-04-30,1,2022 Q2,Apr 2022
"Guinea",2022-05-31,1,2022 Q2,May 2022
"Guinea",2022-06-30,2,2022 Q2,Jun 2022
"Guinea",2022-07-31,2,2022 Q3,Jul 2022
"Guinea",2022-08-31,2,2022 Q3,Aug 2022
"Guinea",2022-09-30,2,2022 Q3,Sep 2022
"Guinea",2022-10-31,2,2022 Q4,Oct 2022
"Guyana",2022-04-30,1,2022 Q2,Apr 2022
"Guyana",2022-05-31,1,2022 Q2,May 2022
"Guyana",2022-06-30,1,2022 Q2,Jun 2022
"Guyana",2022-07-31,1,2022 Q3,Jul 2022
"Guyana",2022-08-31,1,2022 Q3,Aug 2022
"Guyana",2022-09-30,1,2022 Q3,Sep 2022
"Guyana",2022-10-31,1,2022 Q4,Oct 2022
"Haiti",2022-04-30,4,2022 Q2,Apr 2022
"Haiti",2022-05-31,4,2022 Q2,May 2022
"Haiti",2022-06-30,4,2022 Q2,Jun 2022
"Haiti",2022-07-31,4,2022 Q3,Jul 2022
"Haiti",2022-08-31,4,2022 Q3,Aug 2022
"Haiti",2022-09-30,4,2022 Q3,Sep 2022
"Haiti",2022-10-31,4,2022 Q4,Oct 2022
"Honduras",2022-04-30,31,2022 Q2,Apr 2022
"Honduras",2022-05-31,31,2022 Q2,May 2022
"Honduras",2022-06-30,31,2022 Q2,Jun 2022
"Honduras",2022-07-31,31,2022 Q3,Jul 2022
"Honduras",2022-08-31,31,2022 Q3,Aug 2022
"Honduras",2022-09-30,31,2022 Q3,Sep 2022
"Honduras",2022-10-31,31,2022 Q4,Oct 2022
"Hong Kong",2022-04-30,69,2022 Q2,Apr 2022
"Hong Kong",2022-05-31,69,2022 Q2,May 2022
"Hong Kong",2022-06-30,69,2022 Q2,Jun 2022
"Hong Kong",2022-07-31,69,2022 Q3,Jul 2022
"Hong Kong",2022-08-31,69,2022 Q3,Aug 2022
"Hong Kong",2022-09-30,69,2022 Q3,Sep 2022
"Hong Kong",2022-10-31,69,2022 Q4,Oct 2022
"Hungary",2022-04-30,2,2022 Q2,Apr 2022
"Hungary",2022-05-31,2,2022 Q2,May 2022
"Hungary",2022-06-30,2,2022 Q2,Jun 2022
"Hungary",2022-07-31,2,2022 Q3,Jul 2022
"Hungary",2022-08-31,2,2022 Q3,Aug 2022
"Hungary",2022-09-30,2,2022 Q3,Sep 2022
"Hungary",2022-10-31,2,2022 Q4,Oct 2022
"India",2022-04-30,20,2022 Q2,Apr 2022
"India",2022-05-31,20,2022 Q2,May 2022
"India",2022-06-30,21,2022 Q2,Jun 2022
"India",2022-07-31,21,2022 Q3,Jul 2022
"India",2022-08-31,21,2022 Q3,Aug 2022
"India",2022-09-30,22,2022 Q3,Sep 2022
"India",2022-10-31,22,2022 Q4,Oct 2022
"Indonesia",2022-04-30,14,2022 Q2,Apr 2022
"Indonesia",2022-05-31,17,2022 Q2,May 2022
"Indonesia",2022-06-30,17,2022 Q2,Jun 2022
"Indonesia",2022-07-31,17,2022 Q3,Jul 2022
"Indonesia",2022-08-31,17,2022 Q3,Aug 2022
"Indonesia",2022-09-30,17,2022 Q3,Sep 2022
"Indonesia",2022-10-31,17,2022 Q4,Oct 2022
"Iran",2022-04-30,980,2022 Q2,Apr 2022
"Iran",2022-05-31,984,2022 Q2,May 2022
"Iran",2022-06-30,987,2022 Q2,Jun 2022
"Iran",2022-07-31,991,2022 Q3,Jul 2022
"Iran",2022-08-31,991,2022 Q3,Aug 2022
"Iran",2022-09-30,1018,2022 Q3,Sep 2022
"Iran",2022-10-31,1042,2022 Q4,Oct 2022
"Iraq",2022-04-30,140,2022 Q2,Apr 2022
"Iraq",2022-05-31,141,2022 Q2,May 2022
"Iraq",2022-06-30,141,2022 Q2,Jun 2022
"Iraq",2022-07-31,141,2022 Q3,Jul 2022
"Iraq",2022-08-31,141,2022 Q3,Aug 2022
"Iraq",2022-09-30,141,2022 Q3,Sep 2022
"Iraq",2022-10-31,141,2022 Q4,Oct 2022
"Ireland",2022-04-30,2,2022 Q2,Apr 2022
"Ireland",2022-05-31,2,2022 Q2,May 2022
"Ireland",2022-06-30,2,2022 Q2,Jun 2022
"Ireland",2022-07-31,2,2022 Q3,Jul 2022
"Ireland",2022-08-31,4,2022 Q3,Aug 2022
"Ireland",2022-09-30,4,2022 Q3,Sep 2022
"Ireland",2022-10-31,4,2022 Q4,Oct 2022
"Israel",2022-04-30,10,2022 Q2,Apr 2022
"Israel",2022-05-31,10,2022 Q2,May 2022
"Israel",2022-06-30,10,2022 Q2,Jun 2022
"Israel",2022-07-31,10,2022 Q3,Jul 2022
"Israel",2022-08-31,10,2022 Q3,Aug 2022
"Israel",2022-09-30,10,2022 Q3,Sep 2022
"Israel",2022-10-31,11,2022 Q4,Oct 2022
"Italy",2022-04-30,62,2022 Q2,Apr 2022
"Italy",2022-05-31,62,2022 Q2,May 2022
"Italy",2022-06-30,62,2022 Q2,Jun 2022
"Italy",2022-07-31,62,2022 Q3,Jul 2022
"Italy",2022-08-31,62,2022 Q3,Aug 2022
"Italy",2022-09-30,62,2022 Q3,Sep 2022
"Italy",2022-10-31,62,2022 Q4,Oct 2022
"Jamaica",2022-04-30,6,2022 Q2,Apr 2022
"Jamaica",2022-05-31,6,2022 Q2,May 2022
"Jamaica",2022-06-30,6,2022 Q2,Jun 2022
"Jamaica",2022-07-31,6,2022 Q3,Jul 2022
"Jamaica",2022-08-31,6,2022 Q3,Aug 2022
"Jamaica",2022-09-30,6,2022 Q3,Sep 2022
"Jamaica",2022-10-31,6,2022 Q4,Oct 2022
"Japan",2022-04-30,23,2022 Q2,Apr 2022
"Japan",2022-05-31,23,2022 Q2,May 2022
"Japan",2022-06-30,23,2022 Q2,Jun 2022
"Japan",2022-07-31,23,2022 Q3,Jul 2022
"Japan",2022-08-31,23,2022 Q3,Aug 2022
"Japan",2022-09-30,23,2022 Q3,Sep 2022
"Japan",2022-10-31,23,2022 Q4,Oct 2022
"Jersey",2022-04-30,5,2022 Q2,Apr 2022
"Jersey",2022-05-31,5,2022 Q2,May 2022
"Jersey",2022-06-30,6,2022 Q2,Jun 2022
"Jersey",2022-07-31,6,2022 Q3,Jul 2022
"Jersey",2022-08-31,6,2022 Q3,Aug 2022
"Jersey",2022-09-30,6,2022 Q3,Sep 2022
"Jersey",2022-10-31,6,2022 Q4,Oct 2022
"Jordan",2022-04-30,27,2022 Q2,Apr 2022
"Jordan",2022-05-31,28,2022 Q2,May 2022
"Jordan",2022-06-30,28,2022 Q2,Jun 2022
"Jordan",2022-07-31,28,2022 Q3,Jul 2022
"Jordan",2022-08-31,28,2022 Q3,Aug 2022
"Jordan",2022-09-30,28,2022 Q3,Sep 2022
"Jordan",2022-10-31,28,2022 Q4,Oct 2022
"Kazakhstan",2022-04-30,5,2022 Q2,Apr 2022
"Kazakhstan",2022-05-31,5,2022 Q2,May 2022
"Kazakhstan",2022-06-30,5,2022 Q2,Jun 2022
"Kazakhstan",2022-07-31,4,2022 Q3,Jul 2022
"Kazakhstan",2022-08-31,3,2022 Q3,Aug 2022
"Kazakhstan",2022-09-30,3,2022 Q3,Sep 2022
"Kazakhstan",2022-10-31,3,2022 Q4,Oct 2022
"Kenya",2022-04-30,12,2022 Q2,Apr 2022
"Kenya",2022-05-31,12,2022 Q2,May 2022
"Kenya",2022-06-30,12,2022 Q2,Jun 2022
"Kenya",2022-07-31,12,2022 Q3,Jul 2022
"Kenya",2022-08-31,12,2022 Q3,Aug 2022
"Kenya",2022-09-30,12,2022 Q3,Sep 2022
"Kenya",2022-10-31,12,2022 Q4,Oct 2022
"Korea, North",2022-04-30,192,2022 Q2,Apr 2022
"Korea, North",2022-05-31,193,2022 Q2,May 2022
"Korea, North",2022-06-30,193,2022 Q2,Jun 2022
"Korea, North",2022-07-31,193,2022 Q3,Jul 2022
"Korea, North",2022-08-31,193,2022 Q3,Aug 2022
"Korea, North",2022-09-30,193,2022 Q3,Sep 2022
"Korea, North",2022-10-31,193,2022 Q4,Oct 2022
"Korea, South",2022-04-30,1,2022 Q2,Apr 2022
"Korea, South",2022-05-31,3,2022 Q2,May 2022
"Korea, South",2022-06-30,3,2022 Q2,Jun 2022
"Korea, South",2022-07-31,3,2022 Q3,Jul 2022
"Korea, South",2022-08-31,3,2022 Q3,Aug 2022
"Korea, South",2022-09-30,3,2022 Q3,Sep 2022
"Korea, South",2022-10-31,3,2022 Q4,Oct 2022
"Kosovo",2022-04-30,29,2022 Q2,Apr 2022
"Kosovo",2022-05-31,29,2022 Q2,May 2022
"Kosovo",2022-06-30,29,2022 Q2,Jun 2022
"Kosovo",2022-07-31,29,2022 Q3,Jul 2022
"Kosovo",2022-08-31,29,2022 Q3,Aug 2022
"Kosovo",2022-09-30,29,2022 Q3,Sep 2022
"Kosovo",2022-10-31,29,2022 Q4,Oct 2022
"Kuwait",2022-04-30,14,2022 Q2,Apr 2022
"Kuwait",2022-05-31,15,2022 Q2,May 2022
"Kuwait",2022-06-30,15,2022 Q2,Jun 2022
"Kuwait",2022-07-31,15,2022 Q3,Jul 2022
"Kuwait",2022-08-31,15,2022 Q3,Aug 2022
"Kuwait",2022-09-30,15,2022 Q3,Sep 2022
"Kuwait",2022-10-31,15,2022 Q4,Oct 2022
"Kyrgyzstan",2022-04-30,3,2022 Q2,Apr 2022
"Kyrgyzstan",2022-05-31,3,2022 Q2,May 2022
"Kyrgyzstan",2022-06-30,3,2022 Q2,Jun 2022
"Kyrgyzstan",2022-07-31,3,2022 Q3,Jul 2022
"Kyrgyzstan",2022-08-31,3,2022 Q3,Aug 2022
"Kyrgyzstan",2022-09-30,3,2022 Q3,Sep 2022
"Kyrgyzstan",2022-10-31,3,2022 Q4,Oct 2022
"Laos",2022-04-30,2,2022 Q2,Apr 2022
"Laos",2022-05-31,2,2022 Q2,May 2022
"Laos",2022-06-30,2,2022 Q2,Jun 2022
"Laos",2022-07-31,2,2022 Q3,Jul 2022
"Laos",2022-08-31,2,2022 Q3,Aug 2022
"Laos",2022-09-30,2,2022 Q3,Sep 2022
"Laos",2022-10-31,3,2022 Q4,Oct 2022
"Latvia",2022-04-30,9,2022 Q2,Apr 2022
"Latvia",2022-05-31,9,2022 Q2,May 2022
"Latvia",2022-06-30,9,2022 Q2,Jun 2022
"Latvia",2022-07-31,9,2022 Q3,Jul 2022
"Latvia",2022-08-31,9,2022 Q3,Aug 2022
"Latvia",2022-09-30,9,2022 Q3,Sep 2022
"Latvia",2022-10-31,9,2022 Q4,Oct 2022
"Lebanon",2022-04-30,214,2022 Q2,Apr 2022
"Lebanon",2022-05-31,230,2022 Q2,May 2022
"Lebanon",2022-06-30,230,2022 Q2,Jun 2022
"Lebanon",2022-07-31,230,2022 Q3,Jul 2022
"Lebanon",2022-08-31,230,2022 Q3,Aug 2022
"Lebanon",2022-09-30,230,2022 Q3,Sep 2022
"Lebanon",2022-10-31,230,2022 Q4,Oct 2022
"Liberia",2022-04-30,14,2022 Q2,Apr 2022
"Liberia",2022-05-31,14,2022 Q2,May 2022
"Liberia",2022-06-30,14,2022 Q2,Jun 2022
"Liberia",2022-07-31,14,2022 Q3,Jul 2022
"Liberia",2022-08-31,17,2022 Q3,Aug 2022
"Liberia",2022-09-30,17,2022 Q3,Sep 2022
"Liberia",2022-10-31,17,2022 Q4,Oct 2022
"Libya",2022-04-30,29,2022 Q2,Apr 2022
"Libya",2022-05-31,29,2022 Q2,May 2022
"Libya",2022-06-30,29,2022 Q2,Jun 2022
"Libya",2022-07-31,29,2022 Q3,Jul 2022
"Libya",2022-08-31,29,2022 Q3,Aug 2022
"Libya",2022-09-30,29,2022 Q3,Sep 2022
"Libya",2022-10-31,29,2022 Q4,Oct 2022
"Liechtenstein",2022-04-30,3,2022 Q2,Apr 2022
"Liechtenstein",2022-05-31,3,2022 Q2,May 2022
"Liechtenstein",2022-06-30,3,2022 Q2,Jun 2022
"Liechtenstein",2022-07-31,3,2022 Q3,Jul 2022
"Liechtenstein",2022-08-31,3,2022 Q3,Aug 2022
"Liechtenstein",2022-09-30,3,2022 Q3,Sep 2022
"Liechtenstein",2022-10-31,3,2022 Q4,Oct 2022
"Luxembourg",2022-04-30,6,2022 Q2,Apr 2022
"Luxembourg",2022-05-31,7,2022 Q2,May 2022
"Luxembourg",2022-06-30,7,2022 Q2,Jun 2022
"Luxembourg",2022-07-31,7,2022 Q3,Jul 2022
"Luxembourg",2022-08-31,7,2022 Q3,Aug 2022
"Luxembourg",2022-09-30,7,2022 Q3,Sep 2022
"Luxembourg",2022-10-31,7,2022 Q4,Oct 2022
"Macau",2022-04-30,2,2022 Q2,Apr 2022
"Macau",2022-05-31,2,2022 Q2,May 2022
"Macau",2022-06-30,2,2022 Q2,Jun 2022
"Macau",2022-07-31,2,2022 Q3,Jul 2022
"Macau",2022-08-31,2,2022 Q3,Aug 2022
"Macau",2022-09-30,2,2022 Q3,Sep 2022
"Macau",2022-10-31,2,2022 Q4,Oct 2022
"Malaysia",2022-04-30,11,2022 Q2,Apr 2022
"Malaysia",2022-05-31,11,2022 Q2,May 2022
"Malaysia",2022-06-30,11,2022 Q2,Jun 2022
"Malaysia",2022-07-31,11,2022 Q3,Jul 2022
"Malaysia",2022-08-31,12,2022 Q3,Aug 2022
"Malaysia",2022-09-30,12,2022 Q3,Sep 2022
"Malaysia",2022-10-31,15,2022 Q4,Oct 2022
"Maldives",2022-04-30,1,2022 Q2,Apr 2022
"Maldives",2022-05-31,1,2022 Q2,May 2022
"Maldives",2022-06-30,1,2022 Q2,Jun 2022
"Maldives",2022-07-31,1,2022 Q3,Jul 2022
"Maldives",2022-08-31,1,2022 Q3,Aug 2022
"Maldives",2022-09-30,1,2022 Q3,Sep 2022
"Maldives",2022-10-31,1,2022 Q4,Oct 2022
"Mali",2022-04-30,18,2022 Q2,Apr 2022
"Mali",2022-05-31,18,2022 Q2,May 2022
"Mali",2022-06-30,18,2022 Q2,Jun 2022
"Mali",2022-07-31,18,2022 Q3,Jul 2022
"Mali",2022-08-31,18,2022 Q3,Aug 2022
"Mali",2022-09-30,18,2022 Q3,Sep 2022
"Mali",2022-10-31,18,2022 Q4,Oct 2022
"Malta",2022-04-30,52,2022 Q2,Apr 2022
"Malta",2022-05-31,52,2022 Q2,May 2022
"Malta",2022-06-30,52,2022 Q2,Jun 2022
"Malta",2022-07-31,52,2022 Q3,Jul 2022
"Malta",2022-08-31,52,2022 Q3,Aug 2022
"Malta",2022-09-30,52,2022 Q3,Sep 2022
"Malta",2022-10-31,51,2022 Q4,Oct 2022
"Marshall Islands",2022-04-30,8,2022 Q2,Apr 2022
"Marshall Islands",2022-05-31,8,2022 Q2,May 2022
"Marshall Islands",2022-06-30,8,2022 Q2,Jun 2022
"Marshall Islands",2022-07-31,8,2022 Q3,Jul 2022
"Marshall Islands",2022-08-31,8,2022 Q3,Aug 2022
"Marshall Islands",2022-09-30,8,2022 Q3,Sep 2022
"Marshall Islands",2022-10-31,9,2022 Q4,Oct 2022
"Mauritania",2022-04-30,2,2022 Q2,Apr 2022
"Mauritania",2022-05-31,2,2022 Q2,May 2022
"Mauritania",2022-06-30,2,2022 Q2,Jun 2022
"Mauritania",2022-07-31,2,2022 Q3,Jul 2022
"Mauritania",2022-08-31,2,2022 Q3,Aug 2022
"Mauritania",2022-09-30,2,2022 Q3,Sep 2022
"Mauritania",2022-10-31,2,2022 Q4,Oct 2022
"Mexico",2022-04-30,684,2022 Q2,Apr 2022
"Mexico",2022-05-31,674,2022 Q2,May 2022
"Mexico",2022-06-30,680,2022 Q2,Jun 2022
"Mexico",2022-07-31,681,2022 Q3,Jul 2022
"Mexico",2022-08-31,680,2022 Q3,Aug 2022
"Mexico",2022-09-30,680,2022 Q3,Sep 2022
"Mexico",2022-10-31,687,2022 Q4,Oct 2022
"Moldova",2022-04-30,5,2022 Q2,Apr 2022
"Moldova",2022-05-31,5,2022 Q2,May 2022
"Moldova",2022-06-30,6,2022 Q2,Jun 2022
"Moldova",2022-07-31,6,2022 Q3,Jul 2022
"Moldova",2022-08-31,6,2022 Q3,Aug 2022
"Moldova",2022-09-30,6,2022 Q3,Sep 2022
"Moldova",2022-10-31,7,2022 Q4,Oct 2022
"Monaco",2022-04-30,1,2022 Q2,Apr 2022
"Monaco",2022-05-31,1,2022 Q2,May 2022
"Monaco",2022-06-30,3,2022 Q2,Jun 2022
"Monaco",2022-07-31,3,2022 Q3,Jul 2022
"Monaco",2022-08-31,3,2022 Q3,Aug 2022
"Monaco",2022-09-30,3,2022 Q3,Sep 2022
"Monaco",2022-10-31,3,2022 Q4,Oct 2022
"Mongolia",2022-04-30,1,2022 Q2,Apr 2022
"Mongolia",2022-05-31,1,2022 Q2,May 2022
"Mongolia",2022-06-30,1,2022 Q2,Jun 2022
"Mongolia",2022-07-31,1,2022 Q3,Jul 2022
"Mongolia",2022-08-31,1,2022 Q3,Aug 2022
"Mongolia",2022-09-30,1,2022 Q3,Sep 2022
"Mongolia",2022-10-31,1,2022 Q4,Oct 2022
"Montenegro",2022-04-30,3,2022 Q2,Apr 2022
"Montenegro",2022-05-31,3,2022 Q2,May 2022
"Montenegro",2022-06-30,3,2022 Q2,Jun 2022
"Montenegro",2022-07-31,3,2022 Q3,Jul 2022
"Montenegro",2022-08-31,3,2022 Q3,Aug 2022
"Montenegro",2022-09-30,3,2022 Q3,Sep 2022
"Montenegro",2022-10-31,3,2022 Q4,Oct 2022
"Morocco",2022-04-30,2,2022 Q2,Apr 2022
"Morocco",2022-05-31,2,2022 Q2,May 2022
"Morocco",2022-06-30,2,2022 Q2,Jun 2022
"Morocco",2022-07-31,2,2022 Q3,Jul 2022
"Morocco",2022-08-31,2,2022 Q3,Aug 2022
"Morocco",2022-09-30,2,2022 Q3,Sep 2022
"Morocco",2022-10-31,2,2022 Q4,Oct 2022
"Mozambique",2022-04-30,7,2022 Q2,Apr 2022
"Mozambique",2022-05-31,7,2022 Q2,May 2022
"Mozambique",2022-06-30,7,2022 Q2,Jun 2022
"Mozambique",2022-07-31,7,2022 Q3,Jul 2022
"Mozambique",2022-08-31,7,2022 Q3,Aug 2022
"Mozambique",2022-09-30,7,2022 Q3,Sep 2022
"Mozambique",2022-10-31,7,2022 Q4,Oct 2022
"Namibia",2022-04-30,3,2022 Q2,Apr 2022
"Namibia",2022-05-31,3,2022 Q2,May 2022
"Namibia",2022-06-30,3,2022 Q2,Jun 2022
"Namibia",2022-07-31,3,2022 Q3,Jul 2022
"Namibia",2022-08-31,3,2022 Q3,Aug 2022
"Namibia",2022-09-30,3,2022 Q3,Sep 2022
"Namibia",2022-10-31,3,2022 Q4,Oct 2022
"Netherlands",2022-04-30,25,2022 Q2,Apr 2022
"Netherlands",2022-05-31,25,2022 Q2,May 2022
"Netherlands",2022-06-30,25,2022 Q2,Jun 2022
"Netherlands",2022-07-31,25,2022 Q3,Jul 2022
"Netherlands",2022-08-31,25,2022 Q3,Aug 2022
"Netherlands",2022-09-30,25,2022 Q3,Sep 2022
"Netherlands",2022-10-31,25,2022 Q4,Oct 2022
"Netherlands Antilles",2022-04-30,2,2022 Q2,Apr 2022
"Netherlands Antilles",2022-05-31,2,2022 Q2,May 2022
"Netherlands Antilles",2022-06-30,2,2022 Q2,Jun 2022
"Netherlands Antilles",2022-07-31,2,2022 Q3,Jul 2022
"Netherlands Antilles",2022-08-31,2,2022 Q3,Aug 2022
"Netherlands Antilles",2022-09-30,2,2022 Q3,Sep 2022
"Netherlands Antilles",2022-10-31,2,2022 Q4,Oct 2022
"New Zealand",2022-04-30,2,2022 Q2,Apr 2022
"New Zealand",2022-05-31,2,2022 Q2,May 2022
"New Zealand",2022-06-30,2,2022 Q2,Jun 2022
"New Zealand",2022-07-31,2,2022 Q3,Jul 2022
"New Zealand",2022-08-31,2,2022 Q3,Aug 2022
"New Zealand",2022-09-30,2,2022 Q3,Sep 2022
"New Zealand",2022-10-31,2,2022 Q4,Oct 2022
"Nicaragua",2022-04-30,51,2022 Q2,Apr 2022
"Nicaragua",2022-05-31,51,2022 Q2,May 2022
"Nicaragua",2022-06-30,53,2022 Q2,Jun 2022
"Nicaragua",2022-07-31,53,2022 Q3,Jul 2022
"Nicaragua",2022-08-31,53,2022 Q3,Aug 2022
"Nicaragua",2022-09-30,53,2022 Q3,Sep 2022
"Nicaragua",2022-10-31,55,2022 Q4,Oct 2022
"Niger",2022-04-30,2,2022 Q2,Apr 2022
"Niger",2022-05-31,2,2022 Q2,May 2022
"Niger",2022-06-30,2,2022 Q2,Jun 2022
"Niger",2022-07-31,2,2022 Q3,Jul 2022
"Niger",2022-08-31,2,2022 Q3,Aug 2022
"Niger",2022-09-30,2,2022 Q3,Sep 2022
"Niger",2022-10-31,2,2022 Q4,Oct 2022
"Nigeria",2022-04-30,21,2022 Q2,Apr 2022
"Nigeria",2022-05-31,21,2022 Q2,May 2022
"Nigeria",2022-06-30,21,2022 Q2,Jun 2022
"Nigeria",2022-07-31,21,2022 Q3,Jul 2022
"Nigeria",2022-08-31,21,2022 Q3,Aug 2022
"Nigeria",2022-09-30,21,2022 Q3,Sep 2022
"Nigeria",2022-10-31,21,2022 Q4,Oct 2022
"North Macedonia, The Republic of",2022-04-30,2,2022 Q2,Apr 2022
"North Macedonia, The Republic of",2022-05-31,2,2022 Q2,May 2022
"North Macedonia, The Republic of",2022-06-30,2,2022 Q2,Jun 2022
"North Macedonia, The Republic of",2022-07-31,2,2022 Q3,Jul 2022
"North Macedonia, The Republic of",2022-08-31,2,2022 Q3,Aug 2022
"North Macedonia, The Republic of",2022-09-30,2,2022 Q3,Sep 2022
"North Macedonia, The Republic of",2022-10-31,2,2022 Q4,Oct 2022
"Norway",2022-04-30,3,2022 Q2,Apr 2022
"Norway",2022-05-31,3,2022 Q2,May 2022
"Norway",2022-06-30,3,2022 Q2,Jun 2022
"Norway",2022-07-31,3,2022 Q3,Jul 2022
"Norway",2022-08-31,3,2022 Q3,Aug 2022
"Norway",2022-09-30,4,2022 Q3,Sep 2022
"Norway",2022-10-31,4,2022 Q4,Oct 2022
"Oman",2022-04-30,15,2022 Q2,Apr 2022
"Oman",2022-05-31,15,2022 Q2,May 2022
"Oman",2022-06-30,15,2022 Q2,Jun 2022
"Oman",2022-07-31,15,2022 Q3,Jul 2022
"Oman",2022-08-31,15,2022 Q3,Aug 2022
"Oman",2022-09-30,15,2022 Q3,Sep 2022
"Oman",2022-10-31,15,2022 Q4,Oct 2022
"Pakistan",2022-04-30,159,2022 Q2,Apr 2022
"Pakistan",2022-05-31,159,2022 Q2,May 2022
"Pakistan",2022-06-30,159,2022 Q2,Jun 2022
"Pakistan",2022-07-31,159,2022 Q3,Jul 2022
"Pakistan",2022-08-31,159,2022 Q3,Aug 2022
"Pakistan",2022-09-30,159,2022 Q3,Sep 2022
"Pakistan",2022-10-31,159,2022 Q4,Oct 2022
"Palau",2022-04-30,1,2022 Q2,Apr 2022
"Palau",2022-05-31,1,2022 Q2,May 2022
"Palau",2022-06-30,1,2022 Q2,Jun 2022
"Palau",2022-07-31,1,2022 Q3,Jul 2022
"Palau",2022-08-31,1,2022 Q3,Aug 2022
"Palau",2022-09-30,1,2022 Q3,Sep 2022
"Palau",2022-10-31,1,2022 Q4,Oct 2022
"Palestinian",2022-04-30,43,2022 Q2,Apr 2022
"Palestinian",2022-05-31,43,2022 Q2,May 2022
"Palestinian",2022-06-30,43,2022 Q2,Jun 2022
"Palestinian",2022-07-31,43,2022 Q3,Jul 2022
"Palestinian",2022-08-31,43,2022 Q3,Aug 2022
"Palestinian",2022-09-30,43,2022 Q3,Sep 2022
"Palestinian",2022-10-31,43,2022 Q4,Oct 2022
"Panama",2022-04-30,127,2022 Q2,Apr 2022
"Panama",2022-05-31,127,2022 Q2,May 2022
"Panama",2022-06-30,127,2022 Q2,Jun 2022
"Panama",2022-07-31,127,2022 Q3,Jul 2022
"Panama",2022-08-31,127,2022 Q3,Aug 2022
"Panama",2022-09-30,127,2022 Q3,Sep 2022
"Panama",2022-10-31,127,2022 Q4,Oct 2022
"Paraguay",2022-04-30,14,2022 Q2,Apr 2022
"Paraguay",2022-05-31,14,2022 Q2,May 2022
"Paraguay",2022-06-30,14,2022 Q2,Jun 2022
"Paraguay",2022-07-31,14,2022 Q3,Jul 2022
"Paraguay",2022-08-31,14,2022 Q3,Aug 2022
"Paraguay",2022-09-30,14,2022 Q3,Sep 2022
"Paraguay",2022-10-31,14,2022 Q4,Oct 2022
"Peru",2022-04-30,39,2022 Q2,Apr 2022
"Peru",2022-05-31,39,2022 Q2,May 2022
"Peru",2022-06-30,39,2022 Q2,Jun 2022
"Peru",2022-07-31,39,2022 Q3,Jul 2022
"Peru",2022-08-31,35,2022 Q3,Aug 2022
"Peru",2022-09-30,35,2022 Q3,Sep 2022
"Peru",2022-10-31,35,2022 Q4,Oct 2022
"Philippines",2022-04-30,15,2022 Q2,Apr 2022
"Philippines",2022-05-31,15,2022 Q2,May 2022
"Philippines",2022-06-30,15,2022 Q2,Jun 2022
"Philippines",2022-07-31,15,2022 Q3,Jul 2022
"Philippines",2022-08-31,15,2022 Q3,Aug 2022
"Philippines",2022-09-30,15,2022 Q3,Sep 2022
"Philippines",2022-10-31,15,2022 Q4,Oct 2022
"Poland",2022-04-30,3,2022 Q2,Apr 2022
"Poland",2022-05-31,3,2022 Q2,May 2022
"Poland",2022-06-30,3,2022 Q2,Jun 2022
"Poland",2022-07-31,3,2022 Q3,Jul 2022
"Poland",2022-08-31,3,2022 Q3,Aug 2022
"Poland",2022-09-30,3,2022 Q3,Sep 2022
"Poland",2022-10-31,3,2022 Q4,Oct 2022
"Qatar",2022-04-30,11,2022 Q2,Apr 2022
"Qatar",2022-05-31,11,2022 Q2,May 2022
"Qatar",2022-06-30,11,2022 Q2,Jun 2022
"Qatar",2022-07-31,11,2022 Q3,Jul 2022
"Qatar",2022-08-31,11,2022 Q3,Aug 2022
"Qatar",2022-09-30,11,2022 Q3,Sep 2022
"Qatar",2022-10-31,11,2022 Q4,Oct 2022
"Romania",2022-04-30,7,2022 Q2,Apr 2022
"Romania",2022-05-31,7,2022 Q2,May 2022
"Romania",2022-06-30,7,2022 Q2,Jun 2022
"Romania",2022-07-31,7,2022 Q3,Jul 2022
"Romania",2022-08-31,7,2022 Q3,Aug 2022
"Romania",2022-09-30,7,2022 Q3,Sep 2022
"Romania",2022-10-31,7,2022 Q4,Oct 2022
"Russia",2022-04-30,1469,2022 Q2,Apr 2022
"Russia",2022-05-31,1527,2022 Q2,May 2022
"Russia",2022-06-30,1707,2022 Q2,Jun 2022
"Russia",2022-07-31,1713,2022 Q3,Jul 2022
"Russia",2022-08-31,1749,2022 Q3,Aug 2022
"Russia",2022-09-30,2106,2022 Q3,Sep 2022
"Russia",2022-10-31,2124,2022 Q4,Oct 2022
"Rwanda",2022-04-30,4,2022 Q2,Apr 2022
"Rwanda",2022-05-31,4,2022 Q2,May 2022
"Rwanda",2022-06-30,4,2022 Q2,Jun 2022
"Rwanda",2022-07-31,4,2022 Q3,Jul 2022
"Rwanda",2022-08-31,4,2022 Q3,Aug 2022
"Rwanda",2022-09-30,4,2022 Q3,Sep 2022
"Rwanda",2022-10-31,4,2022 Q4,Oct 2022
"Saint Kitts and Nevis",2022-04-30,4,2022 Q2,Apr 2022
"Saint Kitts and Nevis",2022-05-31,4,2022 Q2,May 2022
"Saint Kitts and Nevis",2022-06-30,4,2022 Q2,Jun 2022
"Saint Kitts and Nevis",2022-07-31,4,2022 Q3,Jul 2022
"Saint Kitts and Nevis",2022-08-31,4,2022 Q3,Aug 2022
"Saint Kitts and Nevis",2022-09-30,4,2022 Q3,Sep 2022
"Saint Kitts and Nevis",2022-10-31,4,2022 Q4,Oct 2022
"Saint Vincent and the Grenadines",2022-04-30,3,2022 Q2,Apr 2022
"Saint Vincent and the Grenadines",2022-05-31,3,2022 Q2,May 2022
"Saint Vincent and the Grenadines",2022-06-30,3,2022 Q2,Jun 2022
"Saint Vincent and the Grenadines",2022-07-31,3,2022 Q3,Jul 2022
"Saint Vincent and the Grenadines",2022-08-31,3,2022 Q3,Aug 2022
"Saint Vincent and the Grenadines",2022-09-30,3,2022 Q3,Sep 2022
"Saint Vincent and the Grenadines",2022-10-31,3,2022 Q4,Oct 2022
"Samoa",2022-04-30,1,2022 Q2,Apr 2022
"Samoa",2022-05-31,1,2022 Q2,May 2022
"Samoa",2022-06-30,1,2022 Q2,Jun 2022
"Samoa",2022-07-31,1,2022 Q3,Jul 2022
"Samoa",2022-08-31,1,2022 Q3,Aug 2022
"Samoa",2022-09-30,1,2022 Q3,Sep 2022
"Samoa",2022-10-31,1,2022 Q4,Oct 2022
"San Marino",2022-06-30,1,2022 Q2,Jun 2022
"San Marino",2022-07-31,1,2022 Q3,Jul 2022
"San Marino",2022-08-31,1,2022 Q3,Aug 2022
"San Marino",2022-09-30,1,2022 Q3,Sep 2022
"San Marino",2022-10-31,1,2022 Q4,Oct 2022
"Saudi Arabia",2022-04-30,22,2022 Q2,Apr 2022
"Saudi Arabia",2022-05-31,23,2022 Q2,May 2022
"Saudi Arabia",2022-06-30,23,2022 Q2,Jun 2022
"Saudi Arabia",2022-07-31,23,2022 Q3,Jul 2022
"Saudi Arabia",2022-08-31,23,2022 Q3,Aug 2022
"Saudi Arabia",2022-09-30,23,2022 Q3,Sep 2022
"Saudi Arabia",2022-10-31,23,2022 Q4,Oct 2022
"Senegal",2022-04-30,1,2022 Q2,Apr 2022
"Senegal",2022-05-31,1,2022 Q2,May 2022
"Senegal",2022-06-30,1,2022 Q2,Jun 2022
"Senegal",2022-07-31,1,2022 Q3,Jul 2022
"Senegal",2022-08-31,1,2022 Q3,Aug 2022
"Senegal",2022-09-30,1,2022 Q3,Sep 2022
"Senegal",2022-10-31,1,2022 Q4,Oct 2022
"Serbia",2022-04-30,36,2022 Q2,Apr 2022
"Serbia",2022-05-31,36,2022 Q2,May 2022
"Serbia",2022-06-30,36,2022 Q2,Jun 2022
"Serbia",2022-07-31,36,2022 Q3,Jul 2022
"Serbia",2022-08-31,36,2022 Q3,Aug 2022
"Serbia",2022-09-30,35,2022 Q3,Sep 2022
"Serbia",2022-10-31,35,2022 Q4,Oct 2022
"Seychelles",2022-04-30,9,2022 Q2,Apr 2022
"Seychelles",2022-05-31,9,2022 Q2,May 2022
"Seychelles",2022-06-30,9,2022 Q2,Jun 2022
"Seychelles",2022-07-31,9,2022 Q3,Jul 2022
"Seychelles",2022-08-31,9,2022 Q3,Aug 2022
"Seychelles",2022-09-30,9,2022 Q3,Sep 2022
"Seychelles",2022-10-31,9,2022 Q4,Oct 2022
"Sierra Leone",2022-04-30,9,2022 Q2,Apr 2022
"Sierra Leone",2022-05-31,9,2022 Q2,May 2022
"Sierra Leone",2022-06-30,9,2022 Q2,Jun 2022
"Sierra Leone",2022-07-31,9,2022 Q3,Jul 2022
"Sierra Leone",2022-08-31,9,2022 Q3,Aug 2022
"Sierra Leone",2022-09-30,9,2022 Q3,Sep 2022
"Sierra Leone",2022-10-31,9,2022 Q4,Oct 2022
"Singapore",2022-04-30,31,2022 Q2,Apr 2022
"Singapore",2022-05-31,31,2022 Q2,May 2022
"Singapore",2022-06-30,31,2022 Q2,Jun 2022
"Singapore",2022-07-31,32,2022 Q3,Jul 2022
"Singapore",2022-08-31,33,2022 Q3,Aug 2022
"Singapore",2022-09-30,33,2022 Q3,Sep 2022
"Singapore",2022-10-31,37,2022 Q4,Oct 2022
"Slovakia",2022-04-30,9,2022 Q2,Apr 2022
"Slovakia",2022-05-31,9,2022 Q2,May 2022
"Slovakia",2022-06-30,9,2022 Q2,Jun 2022
"Slovakia",2022-07-31,9,2022 Q3,Jul 2022
"Slovakia",2022-08-31,9,2022 Q3,Aug 2022
"Slovakia",2022-09-30,9,2022 Q3,Sep 2022
"Slovakia",2022-10-31,9,2022 Q4,Oct 2022
"Slovenia",2022-04-30,9,2022 Q2,Apr 2022
"Slovenia",2022-05-31,9,2022 Q2,May 2022
"Slovenia",2022-06-30,9,2022 Q2,Jun 2022
"Slovenia",2022-07-31,9,2022 Q3,Jul 2022
"Slovenia",2022-08-31,9,2022 Q3,Aug 2022
"Slovenia",2022-09-30,9,2022 Q3,Sep 2022
"Slovenia",2022-10-31,9,2022 Q4,Oct 2022
"Somalia",2022-04-30,25,2022 Q2,Apr 2022
"Somalia",2022-05-31,24,2022 Q2,May 2022
"Somalia",2022-06-30,24,2022 Q2,Jun 2022
"Somalia",2022-07-31,24,2022 Q3,Jul 2022
"Somalia",2022-08-31,24,2022 Q3,Aug 2022
"Somalia",2022-09-30,24,2022 Q3,Sep 2022
"Somalia",2022-10-31,35,2022 Q4,Oct 2022
"South Africa",2022-04-30,19,2022 Q2,Apr 2022
"South Africa",2022-05-31,19,2022 Q2,May 2022
"South Africa",2022-06-30,19,2022 Q2,Jun 2022
"South Africa",2022-07-31,19,2022 Q3,Jul 2022
"South Africa",2022-08-31,19,2022 Q3,Aug 2022
"South Africa",2022-09-30,19,2022 Q3,Sep 2022
"South Africa",2022-10-31,19,2022 Q4,Oct 2022
"South Sudan",2022-04-30,29,2022 Q2,Apr 2022
"South Sudan",2022-05-31,29,2022 Q2,May 2022
"South Sudan",2022-06-30,29,2022 Q2,Jun 2022
"South Sudan",2022-07-31,29,2022 Q3,Jul 2022
"South Sudan",2022-08-31,29,2022 Q3,Aug 2022
"South Sudan",2022-09-30,29,2022 Q3,Sep 2022
"South Sudan",2022-10-31,29,2022 Q4,Oct 2022
"Spain",2022-04-30,43,2022 Q2,Apr 2022
"Spain",2022-05-31,43,2022 Q2,May 2022
"Spain",2022-06-30,44,2022 Q2,Jun 2022
"Spain",2022-07-31,44,2022 Q3,Jul 2022
"Spain",2022-08-31,44,2022 Q3,Aug 2022
"Spain",2022-09-30,44,2022 Q3,Sep 2022
"Spain",2022-10-31,44,2022 Q4,Oct 2022
"Sri Lanka",2022-04-30,1,2022 Q2,Apr 2022
"Sri Lanka",2022-05-31,1,2022 Q2,May 2022
"Sri Lanka",2022-06-30,1,2022 Q2,Jun 2022
"Sri Lanka",2022-07-31,1,2022 Q3,Jul 2022
"Sri Lanka",2022-08-31,1,2022 Q3,Aug 2022
"Sri Lanka",2022-09-30,1,2022 Q3,Sep 2022
"Sri Lanka",2022-10-31,1,2022 Q4,Oct 2022
"Sudan",2022-04-30,15,2022 Q2,Apr 2022
"Sudan",2022-05-31,17,2022 Q2,May 2022
"Sudan",2022-06-30,17,2022 Q2,Jun 2022
"Sudan",2022-07-31,17,2022 Q3,Jul 2022
"Sudan",2022-08-31,17,2022 Q3,Aug 2022
"Sudan",2022-09-30,17,2022 Q3,Sep 2022
"Sudan",2022-10-31,17,2022 Q4,Oct 2022
"Sweden",2022-04-30,6,2022 Q2,Apr 2022
"Sweden",2022-05-31,6,2022 Q2,May 2022
"Sweden",2022-06-30,7,2022 Q2,Jun 2022
"Sweden",2022-07-31,7,2022 Q3,Jul 2022
"Sweden",2022-08-31,7,2022 Q3,Aug 2022
"Sweden",2022-09-30,7,2022 Q3,Sep 2022
"Sweden",2022-10-31,7,2022 Q4,Oct 2022
"Switzerland",2022-04-30,40,2022 Q2,Apr 2022
"Switzerland",2022-05-31,40,2022 Q2,May 2022
"Switzerland",2022-06-30,40,2022 Q2,Jun 2022
"Switzerland",2022-07-31,40,2022 Q3,Jul 2022
"Switzerland",2022-08-31,41,2022 Q3,Aug 2022
"Switzerland",2022-09-30,42,2022 Q3,Sep 2022
"Switzerland",2022-10-31,42,2022 Q4,Oct 2022
"Syria",2022-04-30,627,2022 Q2,Apr 2022
"Syria",2022-05-31,626,2022 Q2,May 2022
"Syria",2022-06-30,627,2022 Q2,Jun 2022
"Syria",2022-07-31,627,2022 Q3,Jul 2022
"Syria",2022-08-31,627,2022 Q3,Aug 2022
"Syria",2022-09-30,627,2022 Q3,Sep 2022
"Syria",2022-10-31,627,2022 Q4,Oct 2022
"Taiwan",2022-04-30,20,2022 Q2,Apr 2022
"Taiwan",2022-05-31,20,2022 Q2,May 2022
"Taiwan",2022-06-30,20,2022 Q2,Jun 2022
"Taiwan",2022-07-31,20,2022 Q3,Jul 2022
"Taiwan",2022-08-31,20,2022 Q3,Aug 2022
"Taiwan",2022-09-30,20,2022 Q3,Sep 2022
"Taiwan",2022-10-31,21,2022 Q4,Oct 2022
"Tajikistan",2022-04-30,3,2022 Q2,Apr 2022
"Tajikistan",2022-05-31,3,2022 Q2,May 2022
"Tajikistan",2022-06-30,3,2022 Q2,Jun 2022
"Tajikistan",2022-07-31,3,2022 Q3,Jul 2022
"Tajikistan",2022-08-31,3,2022 Q3,Aug 2022
"Tajikistan",2022-09-30,3,2022 Q3,Sep 2022
"Tajikistan",2022-10-31,3,2022 Q4,Oct 2022
"Tanzania",2022-04-30,4,2022 Q2,Apr 2022
"Tanzania",2022-05-31,4,2022 Q2,May 2022
"Tanzania",2022-06-30,4,2022 Q2,Jun 2022
"Tanzania",2022-07-31,4,2022 Q3,Jul 2022
"Tanzania",2022-08-31,4,2022 Q3,Aug 2022
"Tanzania",2022-09-30,4,2022 Q3,Sep 2022
"Tanzania",2022-10-31,4,2022 Q4,Oct 2022
"Thailand",2022-04-30,52,2022 Q2,Apr 2022
"Thailand",2022-05-31,52,2022 Q2,May 2022
"Thailand",2022-06-30,52,2022 Q2,Jun 2022
"Thailand",2022-07-31,52,2022 Q3,Jul 2022
"Thailand",2022-08-31,52,2022 Q3,Aug 2022
"Thailand",2022-09-30,52,2022 Q3,Sep 2022
"Thailand",2022-10-31,53,2022 Q4,Oct 2022
"The Gambia",2022-04-30,18,2022 Q2,Apr 2022
"The Gambia",2022-05-31,18,2022 Q2,May 2022
"The Gambia",2022-06-30,18,2022 Q2,Jun 2022
"The Gambia",2022-07-31,18,2022 Q3,Jul 2022
"The Gambia",2022-08-31,18,2022 Q3,Aug 2022
"The Gambia",2022-09-30,18,2022 Q3,Sep 2022
"The Gambia",2022-10-31,18,2022 Q4,Oct 2022
"Trinidad and Tobago",2022-04-30,1,2022 Q2,Apr 2022
"Trinidad and Tobago",2022-05-31,1,2022 Q2,May 2022
"Trinidad and Tobago",2022-06-30,1,2022 Q2,Jun 2022
"Trinidad and Tobago",2022-07-31,1,2022 Q3,Jul 2022
"Trinidad and Tobago",2022-08-31,1,2022 Q3,Aug 2022
"Trinidad and Tobago",2022-09-30,1,2022 Q3,Sep 2022
"Trinidad and Tobago",2022-10-31,1,2022 Q4,Oct 2022
"Tunisia",2022-04-30,6,2022 Q2,Apr 2022
"Tunisia",2022-05-31,6,2022 Q2,May 2022
"Tunisia",2022-06-30,6,2022 Q2,Jun 2022
"Tunisia",2022-07-31,6,2022 Q3,Jul 2022
"Tunisia",2022-08-31,6,2022 Q3,Aug 2022
"Tunisia",2022-09-30,6,2022 Q3,Sep 2022
"Tunisia",2022-10-31,6,2022 Q4,Oct 2022
"Turkey",2022-04-30,86,2022 Q2,Apr 2022
"Turkey",2022-05-31,94,2022 Q2,May 2022
"Turkey",2022-06-30,94,2022 Q2,Jun 2022
"Turkey",2022-07-31,94,2022 Q3,Jul 2022
"Turkey",2022-08-31,95,2022 Q3,Aug 2022
"Turkey",2022-09-30,95,2022 Q3,Sep 2022
"Turkey",2022-10-31,95,2022 Q4,Oct 2022
"Turkmenistan",2022-04-30,3,2022 Q2,Apr 2022
"Turkmenistan",2022-05-31,3,2022 Q2,May 2022
"Turkmenistan",2022-06-30,3,2022 Q2,Jun 2022
"Turkmenistan",2022-07-31,3,2022 Q3,Jul 2022
"Turkmenistan",2022-08-31,3,2022 Q3,Aug 2022
"Turkmenistan",2022-09-30,3,2022 Q3,Sep 2022
"Turkmenistan",2022-10-31,3,2022 Q4,Oct 2022
"Uganda",2022-04-30,10,2022 Q2,Apr 2022
"Uganda",2022-05-31,10,2022 Q2,May 2022
"Uganda",2022-06-30,10,2022 Q2,Jun 2022
"Uganda",2022-07-31,10,2022 Q3,Jul 2022
"Uganda",2022-08-31,10,2022 Q3,Aug 2022
"Uganda",2022-09-30,10,2022 Q3,Sep 2022
"Uganda",2022-10-31,10,2022 Q4,Oct 2022
"Ukraine",2022-04-30,142,2022 Q2,Apr 2022
"Ukraine",2022-05-31,141,2022 Q2,May 2022
"Ukraine",2022-06-30,152,2022 Q2,Jun 2022
"Ukraine",2022-07-31,152,2022 Q3,Jul 2022
"Ukraine",2022-08-31,157,2022 Q3,Aug 2022
"Ukraine",2022-09-30,187,2022 Q3,Sep 2022
"Ukraine",2022-10-31,187,2022 Q4,Oct 2022
"United Arab Emirates",2022-04-30,211,2022 Q2,Apr 2022
"United Arab Emirates",2022-05-31,213,2022 Q2,May 2022
"United Arab Emirates",2022-06-30,218,2022 Q2,Jun 2022
"United Arab Emirates",2022-07-31,225,2022 Q3,Jul 2022
"United Arab Emirates",2022-08-31,226,2022 Q3,Aug 2022
"United Arab Emirates",2022-09-30,229,2022 Q3,Sep 2022
"United Arab Emirates",2022-10-31,231,2022 Q4,Oct 2022
"United Kingdom",2022-04-30,126,2022 Q2,Apr 2022
"United Kingdom",2022-05-31,126,2022 Q2,May 2022
"United Kingdom",2022-06-30,128,2022 Q2,Jun 2022
"United Kingdom",2022-07-31,128,2022 Q3,Jul 2022
"United Kingdom",2022-08-31,129,2022 Q3,Aug 2022
"United Kingdom",2022-09-30,129,2022 Q3,Sep 2022
"United Kingdom",2022-10-31,129,2022 Q4,Oct 2022
"United States",2022-04-30,72,2022 Q2,Apr 2022
"United States",2022-05-31,72,2022 Q2,May 2022
"United States",2022-06-30,72,2022 Q2,Jun 2022
"United States",2022-07-31,72,2022 Q3,Jul 2022
"United States",2022-08-31,72,2022 Q3,Aug 2022
"United States",2022-09-30,72,2022 Q3,Sep 2022
"United States",2022-10-31,72,2022 Q4,Oct 2022
"Uruguay",2022-04-30,2,2022 Q2,Apr 2022
"Uruguay",2022-05-31,2,2022 Q2,May 2022
"Uruguay",2022-06-30,2,2022 Q2,Jun 2022
"Uruguay",2022-07-31,2,2022 Q3,Jul 2022
"Uruguay",2022-08-31,2,2022 Q3,Aug 2022
"Uruguay",2022-09-30,2,2022 Q3,Sep 2022
"Uruguay",2022-10-31,2,2022 Q4,Oct 2022
"Uzbekistan",2022-04-30,4,2022 Q2,Apr 2022
"Uzbekistan",2022-05-31,4,2022 Q2,May 2022
"Uzbekistan",2022-06-30,5,2022 Q2,Jun 2022
"Uzbekistan",2022-07-31,5,2022 Q3,Jul 2022
"Uzbekistan",2022-08-31,4,2022 Q3,Aug 2022
"Uzbekistan",2022-09-30,4,2022 Q3,Sep 2022
"Uzbekistan",2022-10-31,4,2022 Q4,Oct 2022
"Vanuatu",2022-04-30,2,2022 Q2,Apr 2022
"Vanuatu",2022-05-31,2,2022 Q2,May 2022
"Vanuatu",2022-06-30,2,2022 Q2,Jun 2022
"Vanuatu",2022-07-31,2,2022 Q3,Jul 2022
"Vanuatu",2022-08-31,2,2022 Q3,Aug 2022
"Vanuatu",2022-09-30,2,2022 Q3,Sep 2022
"Vanuatu",2022-10-31,2,2022 Q4,Oct 2022
"Venezuela",2022-04-30,187,2022 Q2,Apr 2022
"Venezuela",2022-05-31,187,2022 Q2,May 2022
"Venezuela",2022-06-30,186,2022 Q2,Jun 2022
"Venezuela",2022-07-31,186,2022 Q3,Jul 2022
"Venezuela",2022-08-31,186,2022 Q3,Aug 2022
"Venezuela",2022-09-30,186,2022 Q3,Sep 2022
"Venezuela",2022-10-31,186,2022 Q4,Oct 2022
"Vietnam",2022-04-30,11,2022 Q2,Apr 2022
"Vietnam",2022-05-31,11,2022 Q2,May 2022
"Vietnam",2022-06-30,9,2022 Q2,Jun 2022
"Vietnam",2022-07-31,10,2022 Q3,Jul 2022
"Vietnam",2022-08-31,10,2022 Q3,Aug 2022
"Vietnam",2022-09-30,10,2022 Q3,Sep 2022
"Vietnam",2022-10-31,11,2022 Q4,Oct 2022
"Virgin Islands, British",2022-04-30,30,2022 Q2,Apr 2022
"Virgin Islands, British",2022-05-31,30,2022 Q2,May 2022
"Virgin Islands, British",2022-06-30,30,2022 Q2,Jun 2022
"Virgin Islands, British",2022-07-31,30,2022 Q3,Jul 2022
"Virgin Islands, British",2022-08-31,30,2022 Q3,Aug 2022
"Virgin Islands, British",2022-09-30,30,2022 Q3,Sep 2022
"Virgin Islands, British",2022-10-31,30,2022 Q4,Oct 2022
"West Bank",2022-04-30,4,2022 Q2,Apr 2022
"West Bank",2022-05-31,4,2022 Q2,May 2022
"West Bank",2022-06-30,4,2022 Q2,Jun 2022
"West Bank",2022-07-31,4,2022 Q3,Jul 2022
"West Bank",2022-08-31,4,2022 Q3,Aug 2022
"West Bank",2022-09-30,4,2022 Q3,Sep 2022
"West Bank",2022-10-31,4,2022 Q4,Oct 2022
"Yemen",2022-04-30,52,2022 Q2,Apr 2022
"Yemen",2022-05-31,52,2022 Q2,May 2022
"Yemen",2022-06-30,52,2022 Q2,Jun 2022
"Yemen",2022-07-31,52,2022 Q3,Jul 2022
"Yemen",2022-08-31,52,2022 Q3,Aug 2022
"Yemen",2022-09-30,52,2022 Q3,Sep 2022
"Yemen",2022-10-31,55,2022 Q4,Oct 2022
"Zambia",2022-04-30,4,2022 Q2,Apr 2022
"Zambia",2022-05-31,4,2022 Q2,May 2022
"Zambia",2022-06-30,4,2022 Q2,Jun 2022
"Zambia",2022-07-31,4,2022 Q3,Jul 2022
"Zambia",2022-08-31,4,2022 Q3,Aug 2022
"Zambia",2022-09-30,4,2022 Q3,Sep 2022
"Zambia",2022-10-31,4,2022 Q4,Oct 2022
"Zimbabwe",2022-04-30,63,2022 Q2,Apr 2022
"Zimbabwe",2022-05-31,63,2022 Q2,May 2022
"Zimbabwe",2022-06-30,63,2022 Q2,Jun 2022
"Zimbabwe",2022-07-31,63,2022 Q3,Jul 2022
"Zimbabwe",2022-08-31,63,2022 Q3,Aug 2022
"Zimbabwe",2022-09-30,61,2022 Q3,Sep 2022
"Zimbabwe",2022-10-31,61,2022 Q4,Oct 2022
